186.jpg,419,410,234,192
187.jpg,411,409,244,198
188.jpg,427,432,219,177
189.jpg,497,430,210,141
331.jpg,641,288,61,53
343.jpg,578,347,138,145
344.jpg,595,330,158,154
346.jpg,640,360,195,167
347.jpg,655,356,214,181
348.jpg,651,437,230,195
349.jpg,652,407,229,195
350.jpg,646,435,244,194
351.jpg,663,488,230,181
352.jpg,613,414,259,198
374.jpg,517,220,210,117
375.jpg,526,204,206,130
376.jpg,523,223,209,104
378.jpg,535,214,218,141
443.jpg,753,211,82,63
444.jpg,739,226,84,68
445.jpg,729,230,89,70
446.jpg,695,245,99,79
447.jpg,660,279,96,72
479.jpg,700,286,54,53
712.jpg,801,181,97,74
713.jpg,771,177,113,82
848.jpg,713,220,52,47
849.jpg,709,223,42,44
858.jpg,535,531,97,63
965.jpg,1092,376,103,185
966.jpg,1107,391,100,177
967.jpg,1089,399,118,187
968.jpg,1058,413,125,187
970.jpg,1008,387,127,189
971.jpg,973,414,153,190
980.jpg,897,395,134,168
981.jpg,848,399,152,174
982.jpg,853,399,115,167
986.jpg,718,418,158,177
987.jpg,687,424,182,171
988.jpg,699,392,195,164
989.jpg,782,375,201,178
991.jpg,932,380,178,167
992.jpg,941,369,173,162
993.jpg,960,362,166,177
994.jpg,957,368,176,184
995.jpg,964,382,164,177
996.jpg,952,386,176,195
997.jpg,973,384,144,213
998.jpg,963,413,150,193
999.jpg,956,406,140,213
1000.jpg,946,424,148,201
1001.jpg,944,418,139,208
1242.jpg,653,363,53,60
1244.jpg,658,363,46,63
1245.jpg,667,358,40,68
1311.jpg,658,380,67,62
1368.jpg,570,198,151,123
1369.jpg,569,195,145,89
1370.jpg,565,183,143,99
1602.jpg,916,480,209,194
1604.jpg,809,511,279,164
1651.jpg,1050,554,163,121
1655.jpg,1037,561,170,110
1704.jpg,779,418,268,236
1705.jpg,872,411,288,240
1706.jpg,1026,429,235,244
1707.jpg,1060,418,213,253
1815.jpg,855,407,31,24
1816.jpg,843,410,34,30
1817.jpg,843,412,30,26
1831.jpg,362,221,50,85
1832.jpg,365,225,51,75
1833.jpg,335,226,74,84
1834.jpg,319,219,83,85
1925.jpg,656,338,59,58
1927.jpg,657,333,58,56
1929.jpg,661,316,59,57
1975.jpg,626,438,203,233
1976.jpg,330,383,158,142
1977.jpg,611,430,216,239
1978.jpg,605,446,227,228
1979.jpg,587,446,257,224
1982.jpg,583,432,245,236
1983.jpg,376,391,164,121
1986.jpg,390,391,152,121
1989.jpg,389,387,158,123
2549.jpg,925,534,53,43
3000.jpg,1184,197,83,70
3008.jpg,848,230,83,62
3017.jpg,1162,123,118,172
3175.jpg,819,435,130,184
3176.jpg,741,425,182,188
3182.jpg,532,404,192,184
3183.jpg,493,423,194,193
3184.jpg,476,405,230,198
3185.jpg,510,389,207,217
3194.jpg,464,392,193,185
3342.jpg,480,314,107,82
3343.jpg,395,364,131,125
3344.jpg,256,408,223,201
3734.jpg,836,608,135,63
3735.jpg,836,614,128,57
3944.jpg,1023,445,257,225
3945.jpg,969,447,305,226
4481.jpg,636,266,48,42
4482.jpg,647,268,44,37
4484.jpg,699,270,37,35
4485.jpg,713,261,51,42
4526.jpg,578,264,56,47
4527.jpg,575,269,68,44
4528.jpg,600,254,51,57
4529.jpg,623,255,47,42
4536.jpg,661,249,50,47
4537.jpg,659,259,51,47
4656.jpg,729,227,47,28
4719.jpg,440,375,50,40
4720.jpg,447,373,41,48
4726.jpg,688,543,116,125
4728.jpg,753,512,123,97
4729.jpg,749,553,123,118
4730.jpg,726,535,125,105
4809.jpg,305,462,189,179
4810.jpg,300,430,203,200
4811.jpg,316,433,225,202
4812.jpg,1057,415,75,65
4852.jpg,548,316,80,48
4863.jpg,627,280,44,40
4884.jpg,251,271,90,65
4885.jpg,555,262,78,66
4886.jpg,575,249,81,67
4892.jpg,460,265,80,55
4896.jpg,536,274,103,80
4897.jpg,582,293,116,87
4898.jpg,612,350,124,88
5247.jpg,506,297,93,74
5715.jpg,423,334,64,90
5716.jpg,709,271,44,45
5717.jpg,701,272,48,42
5718.jpg,692,278,56,40
5720.jpg,712,278,58,40
5734.jpg,710,288,53,61
5748.jpg,793,285,47,44
5766.jpg,791,269,53,46
5767.jpg,795,272,51,49
5768.jpg,793,273,58,44
5769.jpg,796,270,51,44
5770.jpg,793,272,56,38
5771.jpg,794,269,58,43
5772.jpg,796,273,48,42
5773.jpg,792,274,56,41
5774.jpg,798,277,50,39
5775.jpg,785,273,65,47
5776.jpg,790,270,60,54
5777.jpg,791,275,56,46
5778.jpg,793,275,57,45
5779.jpg,799,278,46,37
5780.jpg,795,272,55,46
5781.jpg,797,276,56,42
5782.jpg,799,271,56,45
5783.jpg,797,269,58,43
5784.jpg,802,270,46,39
5785.jpg,795,267,51,42
5792.jpg,800,273,50,39
5796.jpg,798,272,49,40
5797.jpg,800,272,50,42
5799.jpg,801,275,52,40
5801.jpg,799,276,58,39
5842.jpg,701,288,67,43
5852.jpg,747,316,63,67
5865.jpg,779,377,97,76
5893.jpg,714,508,121,91
5896.jpg,711,499,112,86
6069.jpg,662,503,88,95
6070.jpg,665,482,93,117
6071.jpg,626,534,81,95
6078.jpg,638,516,71,91
6079.jpg,649,485,80,97
6114.jpg,328,449,221,183
6115.jpg,372,441,278,193
6116.jpg,446,462,263,190
6117.jpg,489,422,264,225
6164.jpg,691,320,43,61
6219.jpg,307,318,59,50
6220.jpg,581,282,37,43
6221.jpg,397,316,58,43
6222.jpg,437,326,58,41
6223.jpg,468,313,58,49
6224.jpg,502,307,58,50
6576.jpg,498,187,117,78
6577.jpg,497,169,111,88
6578.jpg,471,174,118,89
6579.jpg,446,187,103,89
6580.jpg,444,196,95,88
6581.jpg,447,182,109,92
6582.jpg,453,206,94,90
6583.jpg,467,172,97,94
6590.jpg,455,369,133,137
6591.jpg,547,387,114,159
6592.jpg,628,394,127,148
6593.jpg,311,346,171,156
6668.jpg,285,104,127,141
6729.jpg,407,336,45,37
6730.jpg,425,341,53,39
7001.jpg,806,179,99,99
7002.jpg,769,181,90,97
7007.jpg,569,218,94,85
7008.jpg,536,214,110,90
7009.jpg,536,225,85,77
7010.jpg,530,226,85,75
7023.jpg,556,313,169,148
7024.jpg,626,326,166,148
7025.jpg,638,304,192,171
7026.jpg,665,302,187,171
7027.jpg,667,315,202,171
7028.jpg,675,347,190,168
7029.jpg,686,346,183,175
7030.jpg,691,343,187,170
7031.jpg,664,355,203,175
7032.jpg,668,346,205,179
7033.jpg,685,332,194,180
7034.jpg,693,327,185,184
7035.jpg,678,354,195,174
7036.jpg,673,348,183,172
7037.jpg,687,341,189,179
7081.jpg,683,529,152,114
7082.jpg,615,562,147,106
7088.jpg,893,380,144,120
7089.jpg,902,390,140,125
7102.jpg,797,602,126,75
7103.jpg,783,592,148,81
7104.jpg,816,598,118,76
7189.jpg,453,368,214,227
7296.jpg,670,462,23,23
7297.jpg,672,445,19,25
7302.jpg,573,457,28,24
7312.jpg,533,332,33,28
7313.jpg,544,331,35,29
7320.jpg,674,395,126,169
7321.jpg,664,369,135,166
7333.jpg,645,541,72,86
7339.jpg,689,585,72,85
8040.jpg,640,592,105,82
8043.jpg,683,577,130,95
8445.jpg,631,528,110,77
8642.jpg,545,297,143,126
8644.jpg,589,302,164,126
8645.jpg,560,377,162,98
8724.jpg,1022,107,54,56
8725.jpg,1006,156,63,57
8726.jpg,1005,183,60,53
8801.jpg,523,227,60,49
8802.jpg,510,214,66,55
9408.jpg,513,478,339,195
9409.jpg,501,499,355,175
9417.jpg,419,412,264,244
9419.jpg,235,410,287,262
9857.jpg,802,310,134,128
9858.jpg,855,260,128,136
9859.jpg,873,243,140,130
9860.jpg,861,262,140,147
9861.jpg,813,278,173,137
9862.jpg,809,252,150,140
9863.jpg,817,291,129,143
9866.jpg,605,289,136,145
9867.jpg,607,296,141,149
9869.jpg,631,297,131,147
9870.jpg,690,298,108,153
9871.jpg,693,328,103,135
9873.jpg,659,295,129,151
9874.jpg,674,313,134,153
9875.jpg,663,327,130,149
9876.jpg,681,296,111,160
9879.jpg,622,326,117,147
9880.jpg,632,330,129,148
9881.jpg,646,359,130,146
9913.jpg,396,489,287,185
9914.jpg,402,522,299,152
9916.jpg,353,507,321,166
9917.jpg,357,468,315,203
9918.jpg,414,456,299,220
9930.jpg,865,450,258,216
10481.jpg,883,361,211,219
10482.jpg,862,345,231,219
10483.jpg,872,314,209,256
10484.jpg,929,326,167,232
10596.jpg,860,223,57,78
10614.jpg,807,209,65,75
10615.jpg,795,203,80,82
10616.jpg,815,208,60,79
10621.jpg,820,205,62,79
10639.jpg,748,206,65,74
10714.jpg,449,484,176,188
10715.jpg,519,478,149,194
